{"cameraMode":{"drawMode":0,"name":"Shaded","section":"Shading Mode"},"sceneLighting":true,"audioPlay":false,"sceneViewState":{"showFog":true,"showMaterialUpdate":false,"showSkybox":true,"showFlares":true,"showImageEffects":true,"showParticleSystems":true},"in2DMode":false,"pivot":{"x":28.25439453125,"y":6.362181663513184,"z":13.9179048538208},"rotation":{"x":-0.05512653663754463,"y":-0.035940516740083697,"z":-0.002020794665440917,"w":0.9978614449501038},"size":20.606342315673829,"orthographic":false}