{"cameraMode":{"drawMode":0,"name":"Shaded","section":"Shading Mode"},"sceneLighting":true,"audioPlay":false,"sceneViewState":{"showFog":true,"showMaterialUpdate":false,"showSkybox":true,"showFlares":true,"showImageEffects":true,"showParticleSystems":true},"in2DMode":false,"pivot":{"x":25.369464874267579,"y":5.332574844360352,"z":0.54862380027771},"rotation":{"x":-0.11936642229557038,"y":0.8250497579574585,"z":0.18987585604190827,"w":0.5187613368034363},"size":3.4111671447753908,"orthographic":false}