{"cameraMode":{"drawMode":0,"name":"Shaded","section":"Shading Mode"},"sceneLighting":false,"audioPlay":false,"sceneViewState":{"showFog":true,"showMaterialUpdate":false,"showSkybox":false,"showFlares":true,"showImageEffects":true,"showParticleSystems":true},"in2DMode":false,"pivot":{"x":0.00028884410858154297,"y":2.2426562309265138,"z":-0.04062940180301666},"rotation":{"x":0.04229980334639549,"y":-0.007500411942601204,"z":0.0002531701175030321,"w":0.9991260766983032},"size":3.35913348197937,"orthographic":false}