{"cameraMode":{"drawMode":0,"name":"Shaded","section":"Shading Mode"},"sceneLighting":true,"audioPlay":false,"sceneViewState":{"showFog":true,"showMaterialUpdate":false,"showSkybox":true,"showFlares":true,"showImageEffects":true,"showParticleSystems":true},"in2DMode":false,"pivot":{"x":66.72203826904297,"y":2.420482635498047,"z":17.259403228759767},"rotation":{"x":-0.09447864443063736,"y":0.14875882863998414,"z":0.014250369742512703,"w":0.9842822551727295},"size":55.46153259277344,"orthographic":false}