{"cameraMode":{"drawMode":0,"name":"Shaded","section":"Shading Mode"},"sceneLighting":true,"audioPlay":false,"sceneViewState":{"showFog":true,"showMaterialUpdate":false,"showSkybox":true,"showFlares":true,"showImageEffects":true,"showParticleSystems":true},"in2DMode":false,"pivot":{"x":0.2319812774658203,"y":1.8824940919876099,"z":-0.7118754982948303},"rotation":{"x":0.15569192171096803,"y":-0.824752926826477,"z":0.27314746379852297,"w":0.4701559841632843},"size":1.4289424419403077,"orthographic":false}