{"cameraMode":{"drawMode":0,"name":"Shaded","section":"Shading Mode"},"sceneLighting":false,"audioPlay":false,"sceneViewState":{"showFog":true,"showMaterialUpdate":false,"showSkybox":false,"showFlares":true,"showImageEffects":true,"showParticleSystems":true},"in2DMode":false,"pivot":{"x":-6.760000228881836,"y":-11.600915908813477,"z":-2.1600000858306886},"rotation":{"x":-0.18302878737449647,"y":0.6819347143173218,"z":-0.1823618859052658,"w":-0.6843862533569336},"size":3.451460838317871,"orthographic":false}