{"cameraMode":{"drawMode":0,"name":"Shaded","section":"Shading Mode"},"sceneLighting":false,"audioPlay":false,"sceneViewState":{"showFog":true,"showMaterialUpdate":false,"showSkybox":false,"showFlares":true,"showImageEffects":true,"showParticleSystems":true},"in2DMode":false,"pivot":{"x":-6.755000114440918,"y":-11.600915908813477,"z":-2.2200000286102297},"rotation":{"x":-0.2684421241283417,"y":0.6182126998901367,"z":-0.23717108368873597,"w":-0.699768602848053},"size":3.3166661262512209,"orthographic":false}