{"cameraMode":{"drawMode":0,"name":"Shaded","section":"Shading Mode"},"sceneLighting":false,"audioPlay":false,"sceneViewState":{"showFog":true,"showMaterialUpdate":false,"showSkybox":false,"showFlares":true,"showImageEffects":true,"showParticleSystems":true},"in2DMode":false,"pivot":{"x":-9.460000038146973,"y":1.9119985103607178,"z":10.970000267028809},"rotation":{"x":-0.03149573504924774,"y":0.9093595743179321,"z":-0.0699804499745369,"w":-0.40903812646865847},"size":11.788093566894532,"orthographic":false}