{"cameraMode":{"drawMode":0,"name":"Shaded","section":"Shading Mode"},"sceneLighting":true,"audioPlay":false,"sceneViewState":{"showFog":true,"showMaterialUpdate":false,"showSkybox":true,"showFlares":true,"showImageEffects":true,"showParticleSystems":true},"in2DMode":false,"pivot":{"x":-45.56482696533203,"y":4.1567487716674809,"z":-0.5669388771057129},"rotation":{"x":-0.3356017768383026,"y":-0.022038668394088746,"z":0.00786882545799017,"w":-0.941802978515625},"size":13.690521240234375,"orthographic":false}