{"cameraMode":{"drawMode":0,"name":"Shaded","section":"Shading Mode"},"sceneLighting":false,"audioPlay":false,"sceneViewState":{"showFog":true,"showMaterialUpdate":false,"showSkybox":false,"showFlares":true,"showImageEffects":true,"showParticleSystems":true},"in2DMode":false,"pivot":{"x":-0.9822862148284912,"y":-1.570772409439087,"z":24.66083526611328},"rotation":{"x":-0.35375121235847475,"y":0.5742133259773254,"z":-0.3013610243797302,"w":-0.6740365028381348},"size":4.041658401489258,"orthographic":false}