{"cameraMode":{"drawMode":0,"name":"Shaded","section":"Shading Mode"},"sceneLighting":false,"audioPlay":false,"sceneViewState":{"showFog":true,"showMaterialUpdate":false,"showSkybox":false,"showFlares":true,"showImageEffects":true,"showParticleSystems":true},"in2DMode":false,"pivot":{"x":0.0,"y":5.269989013671875,"z":12.699996948242188},"rotation":{"x":-0.5941196084022522,"y":0.016164738684892656,"z":-0.011939852498471737,"w":-0.8041449189186096},"size":1359.2669677734375,"orthographic":false}