{"cameraMode":{"drawMode":0,"name":"Shaded","section":"Shading Mode"},"sceneLighting":false,"audioPlay":false,"sceneViewState":{"showFog":true,"showMaterialUpdate":false,"showSkybox":false,"showFlares":true,"showImageEffects":true,"showParticleSystems":true},"in2DMode":false,"pivot":{"x":19.055692672729493,"y":3.1800501346588136,"z":15.980281829833985},"rotation":{"x":-0.35375121235847475,"y":0.5742133259773254,"z":-0.3013610243797302,"w":-0.6740365028381348},"size":8.857893943786621,"orthographic":false}