{"cameraMode":{"drawMode":0,"name":"Shaded","section":"Shading Mode"},"sceneLighting":true,"audioPlay":false,"sceneViewState":{"showFog":true,"showMaterialUpdate":false,"showSkybox":true,"showFlares":true,"showImageEffects":true,"showParticleSystems":true},"in2DMode":false,"pivot":{"x":0.054505717009305957,"y":-1.6874231100082398,"z":3.3178598880767824},"rotation":{"x":-0.40273812413215639,"y":0.5658170580863953,"z":-0.3689883053302765,"w":-0.6177316904067993},"size":5.467287540435791,"orthographic":false}