{"cameraMode":{"drawMode":0,"name":"Shaded","section":"Shading Mode"},"sceneLighting":false,"audioPlay":false,"sceneViewState":{"showFog":true,"showMaterialUpdate":false,"showSkybox":false,"showFlares":true,"showImageEffects":true,"showParticleSystems":true},"in2DMode":false,"pivot":{"x":406.38653564453127,"y":298.5,"z":340.9988708496094},"rotation":{"x":-0.18078166246414185,"y":-0.5656772255897522,"z":0.12875624001026154,"w":-0.7942054867744446},"size":2008.7554931640625,"orthographic":false}