{"cameraMode":{"drawMode":0,"name":"Shaded","section":"Shading Mode"},"sceneLighting":false,"audioPlay":false,"sceneViewState":{"showFog":true,"showMaterialUpdate":false,"showSkybox":false,"showFlares":true,"showImageEffects":true,"showParticleSystems":true},"in2DMode":false,"pivot":{"x":617.6935424804688,"y":289.7799987792969,"z":31.049999237060548},"rotation":{"x":-0.35375121235847475,"y":0.5742133259773254,"z":-0.3013610243797302,"w":-0.6740365028381348},"size":2.8578836917877199,"orthographic":false}