{"cameraMode":{"drawMode":0,"name":"Shaded","section":"Shading Mode"},"sceneLighting":true,"audioPlay":false,"sceneViewState":{"showFog":true,"showMaterialUpdate":false,"showSkybox":true,"showFlares":true,"showImageEffects":true,"showParticleSystems":true},"in2DMode":false,"pivot":{"x":36.51974105834961,"y":-61.22874450683594,"z":29.894405364990236},"rotation":{"x":-0.6801393628120422,"y":0.07797055691480637,"z":-0.07312119752168656,"w":-0.7252534627914429},"size":127.43903350830078,"orthographic":false}